면적,층수,역까지_도보시간,주변_편의시설_점수,주택_가격
121.14628359224406,13,35.02557501647709,9.100563424583582,16601.16744976665
69.0403913115389,27,21.442579937075653,2.7926228508927102,11420.654973697874
153.85893878733702,8,10.174919462786605,2.803478304761063,23286.484864304774
71.65651012586889,20,48.844439455845375,1.9832538889628935,7535.429045273406
177.55674698566122,4,2.466979491284867,4.395938918038936,29848.36164800286
48.2100728491268,21,42.13122994210771,2.5934517316165877,6111.263373049199
168.87029999649658,29,35.74790556141715,5.453851953667114,31614.884079130876
166.01562813751605,18,19.149016553143166,5.47073425687406,28386.89588617628
158.30783872310963,16,35.58583522478813,7.010201454196338,25245.911521193135
56.668403632288644,28,3.5744548396200053,1.6978805517357047,10862.976042788554
96.53453968050601,29,16.9695053473202,5.310312748407025,16483.565567067068
133.3109891404611,25,22.882266598926588,7.544362291185385,22458.32240939107
88.4424173192755,9,39.69777138227459,3.51231572492851,8660.761258606319
40.956424316516895,23,55.408463226183756,9.86485350917853,6406.904435564163
130.99511079056236,30,29.298993678894544,1.0151173342083086,22410.394388133747
181.870580857479,29,14.02659921971264,7.761078206659043,37104.20467632963
53.187065795705465,26,42.89520816036386,7.399329317439459,8878.09659734358
158.7940143774495,25,14.497845790213262,6.554308735457419,28768.86531203625
56.58894217222179,3,55.66844706220301,8.817665850220042,3951.199029415976
167.4066806532169,11,4.398368349033348,6.613216596661176,28045.69613007755
127.03017415140333,7,54.10763829302989,2.8038380410437806,13940.654386407314
200.07444137066176,8,36.96721223394344,6.8384076308184225,36388.96196242934
106.71827773903057,18,14.092060129349269,7.230983773161511,15404.942817892786
86.74662406825205,2,38.478777744455286,3.8673992203673175,8062.371196439017
147.72005523359113,4,59.01038193659057,8.423662105387175,19025.1899700577
47.808717514012045,11,54.56209202299889,7.744374761221685,3678.326501097375
97.6365426978901,30,4.2304030766153895,5.44933067817202,17371.6571142198
103.1863217971891,8,36.91916752818111,9.770334939178266,12608.817537394672
184.6242377617903,9,2.0016155004320604,4.251098474895449,32430.774965854376
155.80002017035983,14,30.182086457924928,5.5835019808854565,24249.828552554198
169.44988686018232,16,18.827372514011433,4.081571174699171,28673.30738053541
154.2090091192398,20,49.10568514599303,3.4448248102429293,23263.77145908125
194.5438490097263,5,52.706268046218156,5.818274704162092,32599.654266836947
73.67411439543163,11,50.40469098531766,7.550125402480889,6704.116082779043
183.65659152076964,6,19.535036789422428,7.652261088482818,32165.059218165123
36.51071964444726,5,50.7180473655825,9.429272008507395,3183.324332338941
38.77437630169314,9,29.612100590455988,3.8258067750242977,4130.55490179981
77.82953360425154,15,15.10335634303592,2.2059171101401294,9395.217946734521
68.71687079338435,1,42.843422923528394,9.978896516535732,6810.204760150602
109.62475512126905,2,8.698041119144976,4.401587345224863,13365.596882771173
138.72431579232995,28,2.8099595769921644,3.981123585677971,24528.20715189692
116.6095946398164,8,45.00044828786926,4.964414083368805,13154.48458989075
102.96691885275558,14,14.347795338393325,7.084553999894144,13832.08821936362
108.03063003650675,17,26.628855102449034,5.477263864075916,14470.543008133605
74.45004267897423,17,21.811431348681666,2.36857282855276,9149.834522230925
167.90849341865598,1,26.412371025925246,6.400507594351124,26684.581095096866
129.09161325204803,5,20.93981337869794,6.069289632552066,17312.548584617314
90.22627908718329,30,36.80468568650343,7.307224423306641,15229.008632492287
187.8921245676384,9,45.381757182944924,7.470783926710724,31962.65536792355
179.1901659898354,22,6.604057478065393,1.2627706646396013,33072.73655307944
96.01851516348168,13,7.925484676810735,5.106191186683194,12204.75402276116
145.05500316437067,5,23.082665273448796,9.628368142650167,21875.676029532253
52.13817832913141,7,50.82489137966415,4.418472750401463,3256.7623415402
139.66030304584268,10,42.79241924423582,9.078798140843398,19575.05273599301
136.51314553222994,15,5.596432267937104,5.13074984878757,20555.20168044843
122.52802372177155,24,59.03088696996701,9.823757856049554,17418.41440862893
93.34656977349962,8,39.75006987264225,7.152749108760174,9994.781380995755
122.35556016647767,5,43.68920957621677,1.0406002187806749,13772.492736337488
93.24896527808849,12,15.786469924909392,8.62812967767136,12282.931160822702
180.80758218005036,23,17.02917222470303,1.8434252829730258,33631.66886733965
197.7892032038876,16,18.213644354148787,1.2630948522579475,37125.41892713569
135.36768706378786,13,14.771946563621213,9.369643599113552,20804.97943869724
118.98819290619775,10,16.94099428017779,6.1146845019605465,15886.759440238613
151.70696308861878,16,34.90343140970775,8.640266128563962,24009.04707152917
111.74455017842728,28,7.18512380612947,7.175766596166498,19460.682685524673
188.336045153795,28,17.57156299025304,9.11631751633671,38990.585773355255
142.43334244885358,13,55.20536213918017,7.864365567561325,19038.93109189057
169.691808205299,12,10.229853840430296,2.167062242077815,28063.77452173074
104.89166113300436,20,25.325723290650814,1.7780580612155452,14231.251342029442
84.56710883083196,13,55.193575815761996,9.848857239131048,8663.900044539194
45.25746391157579,10,55.05838672202082,9.3925135735622,3791.404642671928
159.77329584218143,12,36.684005405312284,6.1231038821691195,24595.040161248813
180.71520263201484,2,26.360575934167752,3.070659257710145,29880.298522958183
201.19450260623844,20,16.259296621915844,8.938931649526905,40708.03406564778
40.114413918248815,5,59.8864915371172,5.333659843656258,1312.0731869747365
201.7753520897877,18,15.15623436562509,3.421983479754214,39230.647207418755
156.23737963136836,21,15.85098475066511,7.07260652835388,26938.42580614458
105.35065024680928,4,4.4565915974500285,9.747919556403438,14067.81199756289
109.79723428127664,11,14.540396495246899,3.623452632073928,13910.106705239778
54.73979762981665,23,6.305142658780143,2.7838249937967765,9055.169141766368
83.70279014631785,12,6.921560033664233,4.184093241738492,10102.95565504192
51.63849070492457,3,49.35527812822824,8.055261664276344,3931.6425596943177
78.06371412785657,14,7.109107804132456,4.149193218808476,9651.42325561937
178.6175418825721,7,57.09441292222154,4.49284540273169,27062.81291364359
160.39246013749096,23,21.388796817015603,6.2861919135856965,28237.65709917131
121.1676451751999,26,37.660333134619485,9.789462660752788,19947.72253223704
44.011806824185626,27,19.24267825875135,3.6567119321036854,9231.506300256706
39.00974592593123,30,11.040485850541376,9.609913058427882,11646.896639821145
88.50698029544188,13,9.58804357781133,5.54612241744237,11106.736010511711
202.1483682492818,20,21.407749095783192,8.572253380453382,40697.836522267564
45.19698324847752,17,56.943569575214724,5.943890552505102,3857.8215558829734
182.46427269758445,23,5.102508805619635,2.2285374678149603,34438.099377108185
191.57067331941363,3,8.410325447477213,5.114090435228709,34233.3856746893
197.39763036621696,19,49.10592703060258,7.6598768230471475,36556.442463628286
125.26025467209524,12,9.896814157235593,9.403832665737223,18543.74689944279
106.97510037769862,12,11.903889195778294,1.068077894230988,13394.252197957121
147.26767464651329,13,42.10707128421197,2.362010802892943,20551.380459813394
172.8716314412801,17,48.95543338679826,3.8281119484502804,27720.493946319693
57.16747336729847,6,21.669743125098528,4.952369203745777,5946.611595990475
101.47395574462527,13,3.0382799142532404,9.147807714956436,14205.229394469648
188.6514152125875,22,4.466837286291064,9.364230448589138,37546.024281342165
191.2452564902842,23,18.677340035097604,3.699911164375153,37012.325572212525
177.38490459313516,17,15.724092007743877,6.891866905360954,31870.708578461545
82.67485490704928,12,9.765154236077558,9.934323551865806,11317.712456711964
159.43799408444306,30,35.71600969839081,7.863732218890543,29975.61588295176
201.15995847325658,3,27.129638237758062,7.416872975862528,37178.17301238432
197.97501612322358,25,53.01898198940727,4.555207150544858,37420.96089272785
83.94269567002624,7,22.617411844831057,4.069876678805913,9003.396764164509
81.46332815032348,20,10.66347032993444,8.500934020384904,12332.504232163363
69.84091024025065,6,42.586316332247925,6.3972675316028065,6166.33953398389
44.12123882613094,5,42.765961947537036,8.453854886689319,4148.082679159119
70.25958546784189,9,45.621159204630445,5.956324914141344,6158.545046369007
53.71415891197363,6,13.883425602226762,6.352465592319469,6176.393689850809
194.37546746472617,18,2.439528067692349,7.543012385676457,37797.87897999907
116.2900836859801,5,51.62124389321859,5.003687135580743,12204.26408937187
153.62160248335755,22,33.63492854069718,1.144021402652951,24810.10150205335
121.61629183834121,5,25.7514952785415,4.355241941846,15202.710824272
184.73719523941466,11,44.51800270297786,5.918403988976539,30968.070666394866
143.75136172092562,29,22.276593670970616,9.588573083094179,26920.946567322964
93.84759646813575,9,25.724481823665467,1.4442544893891311,10253.971415813912
47.96817951471607,20,54.33254359510001,1.7284744110696808,4541.780316766513
187.02219500070737,29,3.006671132081465,9.142609161421348,39266.62721594174
147.8027395149224,4,53.57376670028062,8.11217108576692,19589.906901929586
155.2847100855298,23,4.501399230551502,7.10318414900806,27539.19087492535
159.18069020818876,12,40.33652824635425,1.6760287447728852,23542.067978537987
197.87955976071964,21,34.69024729869298,8.868409320156355,38865.73988175553
195.33134952493407,26,56.00297255880617,9.87203992501578,37891.655014005024
156.30701147014918,27,20.900893429194138,2.6599484447307358,27917.61603111648
79.9840526107954,12,42.33579108567781,6.316283347697877,8143.271889269468
139.8082194398299,28,35.24947192317184,8.254685149482317,24412.734159296466
65.09151559499507,17,17.95221534630849,5.0190667806626035,8552.744344074916
135.75131146152967,13,33.99462685441699,2.756395717886682,18473.97398813576
82.80254550373472,10,40.94131658459577,2.2565342546827702,7770.310341346832
159.89009332829602,1,48.299326531718,1.1556740619530466,22070.92787958078
141.7547865408818,1,17.075416450970547,5.532857849564067,20084.90723277864
82.55919052208847,5,12.800543400695627,5.095345252369344,9152.449035344183
43.90863784397251,24,28.78313642027159,7.093026622083319,8439.552873803132
172.52878157239311,1,54.36722628835681,6.676230133288665,25701.55851401468
149.12720942978157,11,59.21364064644373,8.476959720211386,20070.07415046113
52.89899270630547,10,59.094587811791484,2.4664900890418098,2484.5509692562564
187.19551420618262,28,38.21073177023106,6.866219910083097,36802.02644107422
161.9863699894821,28,15.166404806963063,4.404105104123609,30212.31079869666
52.76749935204684,28,23.15335569082398,1.5816712417410237,9952.005864971099
47.165708367559446,17,49.45678294132288,9.455034917460498,5783.507604349678
38.986801996800914,17,2.984998409790227,4.815463813267163,6558.3185753285
73.29107630895405,27,12.567089894591307,5.581535817709728,12654.743652510711
138.9725992769128,12,25.10122762560365,8.716616918129525,20806.430846879204
89.22721189535446,21,28.609760313243832,6.948994301205805,12571.562683499918
121.24923854590146,22,16.98902431326445,5.769096832238936,18798.15120071746
48.12421172354421,20,48.285861057924684,7.94386754795933,6228.925976292028
139.46466203036874,27,44.87037379672371,3.1252611517401805,22159.545893756895
76.92881965698248,22,19.901740363656057,8.584118742250315,11995.772855896412
45.53651606538957,17,34.350662646956536,4.599227946735323,5780.339203429021
72.26138620751254,9,16.553886316829107,5.760889748260546,8211.814797354322
49.93028980696718,4,36.86210910048501,2.4932157909802086,3890.573687330757
55.10944548897396,6,11.619203298244333,6.148169509918085,6291.055834484065
193.89504536718633,11,30.98376546927235,6.530437112247895,35070.34172375784
196.03150158409613,13,32.05466535487021,5.503292274658087,35826.747014998014
145.66002593785083,13,18.907056460026624,8.63316128557398,22830.68871550362
103.1867519019348,12,56.773957234515564,7.991322885815339,10684.275584846817
163.97869804025788,1,13.230737959810005,8.068082714817491,26544.33440214845
159.0286806926341,11,23.89274169991437,5.666784064441767,24963.252879880594
141.67051011710683,20,8.547700868233505,8.170547125559708,23571.57085857802
170.6297011735661,18,47.31136461666364,6.6193050291673625,27978.963332058527
137.78492492846595,25,47.77713039698644,7.594822317641643,21643.34877008458
63.332719632662545,26,6.400864091449975,8.167384567527744,11940.143461647122
98.2841724258577,25,58.287756324257735,1.8767860965248544,11720.26578907296
150.39770918028148,20,1.535029350582724,4.208352521200634,24883.487824859767
42.4001711244273,7,50.17035635835991,8.869229842591121,3599.418146703336
146.21608330903877,8,51.719681016906186,7.936244702644355,19700.875211596594
80.09006542292714,6,12.170793060338045,7.8918298720430196,9586.440296815055
94.68469391192451,2,10.929276409474836,9.17639948807313,11901.940368387452
136.24346638952392,27,22.620091682808518,1.343470898544,22873.632374175286
93.01807382849037,8,19.408226764727857,6.530255354167699,11046.770252203625
51.076470820277315,8,13.569572191309105,2.672543392458907,5559.526042648391
62.05151545099173,6,53.33031767261692,4.870137309875489,3938.119955198769
189.63504764707466,22,16.283129431391473,4.736567648572156,36446.70762741434
38.6113012460177,4,1.2119814113072525,7.702136395073412,5403.686049276108
123.9826351845456,22,56.589312146345144,2.9758204201407565,15905.547942407862
57.02497859274232,10,40.01993244353279,6.169172863244472,5375.993927373402
190.38858838833113,17,53.84042968703161,1.2236183400155123,32313.19139699037
51.34900778105886,22,12.062851216953797,8.46727391586288,9492.42279854428
60.25932181948436,23,5.450358037219901,2.9386948433326507,9647.423906708698
117.6721532634514,17,35.021262873793205,8.654040567116343,16562.790937128942
118.16266542429345,11,10.702407437375102,8.933585007990857,16803.844692449526
202.39728234791866,24,28.884264428517575,5.058147624388376,40712.68781571962
200.1337724351053,20,45.55245325891762,1.2342262732158125,37085.99786633276
44.01291736122617,14,8.90205443401374,4.290383516823466,6146.758393326775
201.20886769556742,22,49.14838866094835,4.365395255413759,37953.00162846767
75.57028519343041,2,32.57426872157649,4.489107546920813,7079.671379117143
56.1485278948982,16,56.69100139001515,8.261116689967878,5190.262059946913
137.07347742716902,21,53.312806955000895,8.247670651007532,19876.45155832394
137.96312521072178,27,22.037957585397102,3.0637753828588385,23383.58852857676
177.68461139951728,20,30.207124642513644,3.450477542287296,31367.25196812251
136.49106069436434,11,49.768828482060535,1.5761097263729211,16879.94854293509
83.80898438234493,23,24.211619446632163,9.482645884656158,13316.943066025447
162.82105074837548,22,1.971947570069617,1.1170056637098513,28403.42466465066
192.1110571997488,21,48.91859285163956,6.985326467413426,35222.704608895554
48.347396224718786,28,41.386964604475935,7.167297839663405,9225.479496114787
60.35941331352289,11,31.80329015540696,5.34415233034697,6308.911645802497
89.00789751202598,1,49.82589445070619,2.5128171719184906,7178.496303926791
153.89881748960212,25,59.63573054744183,9.526751630489281,24874.68829487821
46.45991070140313,19,12.149437294219705,6.171139891469572,7692.221548934285
47.761213134127416,29,5.999188845351386,1.6842533258322039,10427.298921072372
167.34768606204867,3,59.34936003710826,1.8748153356810615,22974.1794883358
153.51060910898292,3,49.062259472525824,9.611500711197287,21940.228741451254
197.6094577235108,27,44.62616415656668,7.553774140325052,39462.702154594874
146.75191805112723,16,37.10247578510687,8.551046921359013,22569.323640127168
196.25618591846577,29,17.51193176566387,7.923714880159365,41573.15177690439
89.50493497182623,23,26.569790703900274,1.9383431025469187,12527.518947065813
59.2319809259745,11,58.1493599663012,8.139562350502219,4388.773642638919
84.32002551895121,22,3.4483829542824775,3.3498724593324605,12304.737281346781
186.24357680169499,2,48.399147240659644,2.2836785424351036,29782.278493715414
160.72593817725303,30,33.73746844380781,1.64723225271502,29409.876355672677
141.01481891907125,24,12.037096919497184,4.907471588242611,23717.638771612605
203.33681381286652,6,16.56867384185086,7.6090109743576715,38638.36991455163
165.69628336254243,20,47.06707711321519,9.880250802704415,28073.94756294992
99.59036265807916,9,22.028765043371042,3.689149846590627,11565.202766779506
141.43381057390923,19,42.7552233453744,2.9058898985624606,20370.468578088716
175.69222178007158,17,12.77124650524961,6.050280355056565,31235.23121122302
130.39832286712607,18,48.20011555902716,6.090534049969268,17642.126168544877
114.50029190113985,9,31.035525129789097,5.126810415518348,14003.246451436165
176.13429392185498,25,10.12552852702169,7.515811372807391,33982.206845814406
176.98640299822975,27,5.713725873503773,4.9531852049989595,34448.75848160445
139.31153057356084,1,50.39547614796882,6.620446328176328,17441.19517752954
38.03410055713002,6,18.134654796220673,6.901199246463276,4956.257303990139
160.78748430934758,30,21.688464083898477,6.1339427732470595,30724.075753672263
98.55353695343868,2,4.89761035143212,5.286577420424489,11653.372482103776
152.12482654807602,11,24.657500122919537,8.74644081481108,23928.54768586376
96.49805484074085,1,33.20506169168029,7.8429674490476415,10715.564172389417
161.4316741730985,8,32.44919232672453,5.633694856669328,24747.220158267537
203.9333354768486,24,4.34444616997384,5.792598021974596,42215.54882514366
169.5210254635143,10,22.47612174432864,6.695081495270429,28026.355010672032
78.3994289678499,12,5.353299860143762,3.002214860038602,9230.60912450264
67.04016635547683,25,39.14434950410213,3.1119465224382714,9442.002887345527
54.11146425433746,1,33.445669208052045,9.621783547291518,5942.137908641491
159.2610807381672,24,27.083060549925445,3.9045342200659072,27538.43504104023
117.24062801997259,16,18.934598138494785,3.887434921716313,16090.713412624847
138.8871828808678,14,9.592803945362489,5.019235213741816,20803.23739205367
112.76070457516327,18,1.3290604936341666,6.454575442865514,16520.593324475125
201.55048657893892,14,32.15167362608965,4.788423454173326,37670.903161248054
193.86545248632373,24,19.20887224902055,4.298314651266132,38221.05438464125
116.99135895373266,26,14.106880685773875,5.041299119537324,19143.867445571894
117.2049180317867,7,20.371594795901018,9.805016402287057,16090.839175585661
69.95439257679678,6,51.25658955483357,3.548234231647268,4832.974145849529
189.50151264420933,23,25.697788269828898,9.41795672967297,37456.887208462584
59.82364529353673,23,43.908825933526074,3.555960908782803,7660.453969076779
140.93150486075018,10,18.51124429836455,1.1129200174054983,19972.160034189666
91.92728105311811,1,6.4090061939025595,3.9876470633684775,10350.023501325793
148.5560052117682,10,44.80336865695884,3.434249590507884,20283.791131306803
141.0052749259654,18,40.09454552982557,1.5292695858559742,20174.092592410674
76.73268274165713,4,55.90395846970515,7.113343192074117,5708.5238028646645
126.37814486000926,8,17.949015143418627,6.000934493007358,17119.089044277174
179.21885322518534,12,25.79759642842332,4.928104244438545,30601.292824951044
151.46256971297515,10,54.92162631772307,6.541672873164626,20517.636629512475
201.25444854532594,24,1.9627997510907285,3.950904913110398,41015.324719427335
98.57015756012524,18,43.42886675459153,8.06105394984702,12459.847913541875
86.84062775389694,9,3.1889354918506667,6.2126739057974,10538.056213087404
90.26000371798014,1,5.402985052425965,2.9476057895965093,9951.1945428931
73.31453550999856,4,18.53651993792002,8.368229297376796,8501.360438814867
91.29787517910962,17,56.29655141944461,7.364236170192404,9589.589115858187
107.70118321714644,26,43.84153903788348,8.115189097442407,16327.43672980721
37.12339123685021,17,31.575199389169235,1.371983002715545,5038.803594359559
199.92328365064552,6,21.611014546251823,7.502721079780563,37248.61857158713
147.5401000506665,22,26.084536562874828,5.35184305574186,24203.472380287963
45.96946580991802,27,17.193154494103073,3.1862861270137595,9419.218383540598
39.473154157427246,12,27.119998073545535,1.7880759988469013,4544.155753947385
68.28232335544129,3,8.951586704452634,7.663235682932171,7928.5501540599535
59.53357172223242,27,20.846063407859294,2.7885597331274297,10439.311114859109
71.74967558805992,30,19.16520380480661,2.681101595585273,12963.517633724874
126.03461872697376,26,2.872185386250734,5.268456574831214,21215.468725178434
95.76463298123294,8,44.57185106218329,4.452808467391475,9407.148385408997
40.29237045097855,4,45.2878190790826,6.979299497782252,3206.6512111838133
188.18520623416185,22,3.4960093854135574,6.734765976679084,36656.87582376299
88.74946038902317,14,44.30278804910794,7.818012489426581,9930.160591316522
176.37109332581818,7,15.401799201672086,4.587533188116625,29543.02443346002
161.0495538001938,7,3.977461322833109,4.35528858650742,25381.930995517316
193.46899415640223,22,27.80159431211597,7.946603055786895,37839.371349212684
76.73341601235505,14,26.20579058905485,7.598748728151292,9506.82969269642
151.8257311953509,27,32.98555249296211,1.3303912620486178,26026.04865690974
101.89323815511233,14,28.03152982153722,1.1406612255000605,12214.012197749991
42.89446755485183,11,39.61660109760427,1.1187016588735288,3711.6589379143525
123.58077885519032,22,41.087371341701356,3.54221750399568,17435.21679350025
80.50775531376493,7,8.268965467053519,4.7884760099733175,9110.29188822965
125.95949641366548,4,53.690658770046056,4.8105815822872575,13850.801124580958
103.11774761625477,27,21.407896068061294,8.517772247657962,17501.375251155718
155.2445551984684,23,14.84800696951015,4.367789627272504,26803.811873045943
44.49417373915061,27,4.152732475015334,5.313618502386127,9908.728969583446
100.31008597040329,4,13.698565072831967,3.0267837617357425,11495.379261606096
42.76141860432443,9,28.57244132420727,1.2430492359523104,4245.976254496067
37.421534069001346,15,40.13203842840774,1.9735022064823855,4046.123471490268
188.76052961648458,28,10.369842813061645,8.884979576523953,39277.94591693551
121.90143007348631,12,23.459841618248813,1.374810011611689,15887.419610911564
118.12511854337505,9,5.292740025362975,4.882364265056255,15596.817553650062
124.48809555120332,7,21.129107961625927,4.706850167851426,16251.480426228069
113.52963946226652,4,13.69909154495804,2.418757451875365,13815.2599397628
65.0575188439841,12,22.59068376594821,5.413981065432916,7480.817303848654
134.4952664033024,20,15.088093232998496,6.7090586589814905,21345.276620511773
147.9827156217726,23,1.9901852937858364,8.27678336298349,26022.450122888276
155.29993908549218,20,26.174964421877483,6.053463056100176,25779.126644961387
66.5327669608242,18,37.32665752967219,5.606926646812225,7935.942747039575
75.35900695500465,2,12.100560324465881,6.117595262258979,8294.87458073672
199.36045307537725,11,45.96786389794208,4.8334894612484565,35329.730656405816
198.5263739335422,24,43.07525859650186,4.74130845001029,38283.51622530384
135.870609212604,13,6.5928280680611815,8.772767746264545,20919.365459219032
89.7332028568207,8,15.154985462379118,7.7139892077072485,10974.180680053187
55.6386152292406,21,11.371197223602474,8.717646216153323,9676.624337908217
198.9994215060191,22,34.26627953189119,4.548783296407424,38526.34130670543
80.83093116085007,24,10.58875722176096,7.1527589721570655,13032.300000135514
82.73508452657259,28,51.54273321908681,4.300399481276989,11431.720973624078
139.24847361672215,14,10.241792408520459,8.775611909075849,21792.707628320833
47.47418244511299,26,7.231697302182427,3.461483657738323,9470.353217901862
95.0959026376573,11,17.596785475877212,4.0547325189161185,11353.998298560893
46.18277498932015,27,40.28340255338082,8.249936998638326,9097.282073240242
126.29242372467601,30,37.665924912740216,4.926607857872957,21186.359125319388
193.30959275341536,26,20.931426646765882,5.791189823258549,38901.9894301192
111.8849905635362,7,17.65970644594724,3.8624612967978207,13744.023010264973
107.88625416884179,6,20.141426598017777,9.686548910408147,14223.811536607831
115.49164636893629,29,7.402787277787607,9.245611666890735,21144.150159062956
101.93371712779387,16,11.244443260265953,5.605730564219344,13795.133148122033
145.7666059093335,28,28.652945063180336,2.886283928953473,25207.830003891147
49.39664525303217,6,37.31517764647516,1.4515766901012737,3869.639479728485
84.19926792608175,17,52.63122416170193,9.478602450978766,9532.515433854533
112.6835561095264,15,34.894827510376835,4.642149911716129,14234.97938609762
121.20914318306852,30,31.388588555396726,7.988803246530545,21318.59370789689
104.3066571464053,5,49.53711738045241,1.127483622105963,9788.766218060793
112.79049090807041,5,37.039464870665284,2.5220407249905157,12527.45145462093
184.59018245437088,17,29.493294647818402,2.538219903779397,32701.338039144764
42.45582926016602,20,47.31377203380588,6.181214071665234,5467.684106296895
118.99092222438335,6,12.660089856852723,3.4284984166294845,15137.596896083462
135.8304943820276,30,42.599943972215705,9.649416273052456,24102.746596210323
119.58823449830993,1,27.40502793679554,6.70942485461164,14997.045806018528
99.40645662415949,18,47.3962069893097,3.4473228967567042,11283.608633116679
102.04309861180758,18,6.883638329423054,4.121548919902969,14080.744983428534
192.76650606367667,18,45.24110149198992,8.346771743835482,35405.38570167517
38.79578846470067,4,12.36580645198028,2.084301453116565,4295.306984960723
109.75295528631756,5,15.876303387491937,8.192004294683777,14180.06815830414
68.1492928664306,5,15.201194424195833,3.2665059370465577,7022.015306068458
151.28612732465064,28,54.00129277382552,9.963198103452834,26061.776351895132
67.34677834610333,25,52.16010721311658,6.968203597418963,8903.856323465967
62.699355996907784,10,1.0829128663685932,7.337432421484744,7892.284293662504
192.03253096647418,9,51.00155342046948,4.045636904992026,32020.757789144845
163.04455404431462,23,19.189429693491785,3.203706850729715,28535.69130690084
122.40665339566888,7,59.47647389833217,8.242657784607774,13418.412505559221
162.2063124910054,27,50.11532074673199,2.366966671205174,27305.298744233063
72.41699739838907,6,7.800536239001278,2.961974461581296,7737.773023868897
125.99493832814893,27,5.050241931191087,5.687589317868952,21628.76500447543
123.08388990222153,23,54.66016615211598,5.726117909667657,16647.752592946963
81.38260439362026,12,7.842603848927883,8.79298021887896,10801.917365643461
63.016067300425284,14,40.79333713756871,5.941976105703217,6514.574078137574
160.42120024120555,14,2.8684800966366013,4.825237599408825,26265.545882249786
96.81830254096425,24,34.90355131506898,9.797670820534028,15042.590207463589
134.11557344158842,20,31.63284756272399,7.955649660318231,20784.372438655322
85.33081992206257,4,11.723201323346418,7.627108616300596,10105.807038603354
64.76104876859958,13,12.119531604192794,3.3854984075698176,7662.533278880385
177.30222997436283,29,59.16434052291098,6.274390381250579,31914.80569962554
107.58119742454095,13,9.870298338306979,5.95119522388743,14338.292266993272
170.67065245213507,28,53.513346995977514,6.931921006888935,30417.82791834842
103.62845984033163,28,32.8911354296861,4.213962062223043,16301.290970248554
44.51288126831386,11,30.27549045407148,3.198436793068222,4691.98026657811
88.51361230708652,15,2.619186387069408,4.031168485366688,11307.754602642819
194.8185449925034,7,46.412901177646525,1.894109905222673,32988.79196904087
84.35012245588288,27,41.10982968868421,3.14376193245437,12142.315421367153
144.48661153810005,20,5.276930691899831,5.820210298167007,23680.118980684583
65.87996028945844,3,37.19855912046937,9.512874396419914,6876.550476612072
91.99148376963916,27,37.47683764782648,2.3033605131766928,13484.55434480269
160.61611864671227,2,50.5959450180304,2.704963850294382,22156.625454164434
44.79587031296255,17,53.429309247580385,9.306634993754168,5131.362760657275
78.53334408338634,20,40.46856479336576,2.0329918927188992,9155.908405980237
72.38320912820792,15,39.21342824829533,5.711545464711866,7876.543086136408
119.38491870706328,6,51.16548807611017,8.495484987245696,13742.12870645078
51.555354721200835,4,58.25966516648153,3.41045205832297,2018.388248339216
36.61967249997523,6,26.58472415246684,9.653687342377292,5273.088169002147
157.92994373533818,3,2.613879709516548,1.237942728754974,23963.743864956785
47.49150767295366,30,42.92820549737108,6.477037026505901,9617.640500385854
177.09607768380255,27,14.702755915485799,8.282709492577016,35061.343292960686
117.52355320488523,26,57.86503273604541,6.442088743506485,16247.55085446511
64.55735304062539,25,42.90332619860449,2.688525380507415,8799.39607707929
147.65640115564858,21,37.47824612250015,5.412606000882834,23240.95043395192
57.50334159912461,24,3.5070555372097876,9.387041264430282,11087.165061121506
196.4961538055418,4,48.75211123089973,1.0848978252527073,33022.913450622604
62.72214548326787,30,41.399780754071095,4.35580188662031,10746.771182604845
46.57700927946786,1,8.42194304596951,5.5042565524032705,5282.564245076996
135.35755279768728,24,1.300872812329252,2.4011748392486174,22219.476494175862
58.99674501115408,30,16.432254354057164,5.624606285232124,12060.866630849348
163.12523516204305,4,21.074020444471437,5.719758866917804,25538.268534150975
82.64037211662335,26,48.78870405601399,4.19302810563503,10996.460252363238
60.001431666791134,29,21.536891773297558,9.895504956746255,12764.049079133425
113.25186979693157,1,4.0691019850505885,9.390592345488345,15305.511004114358
179.67534373784645,22,28.58460622080466,4.347553186576647,32737.61126256561
69.36263527031616,5,1.5288235212732022,8.969241831815008,8602.331282637193
137.10722641808087,10,25.68645958994268,1.792232666258717,18787.336365163093
110.88856493250279,13,20.26729678836621,9.78431573190693,15678.761906303522
89.2791306529449,20,40.13612455565531,4.454954531636011,10971.947528381621
180.86308195196347,1,19.44965442980677,1.865545916573573,30102.942299078844
63.71983543988808,14,15.771380075983005,9.310462702085703,8962.469740428027
199.57498783564608,21,46.50910105315691,9.085709768402829,38505.34880575965
106.30719216885105,4,53.73469939205123,4.867438191272935,10007.527629362039
184.56964900807964,30,50.09797164662803,7.112454871360904,35743.25842740376
134.86586399138974,14,22.947860469667187,9.528860559346093,20581.316147265683
196.73053169084758,6,47.369268652959974,8.011015111451716,34488.32139408671
45.642304283994896,14,30.258086960199087,7.112417845409843,5961.461170733607
173.58254802455713,16,20.83244159739752,3.1802898041637397,29646.187015731473
149.62319555409826,16,22.473527853483223,4.401228542010233,23272.090650688784
134.98372417338678,9,32.50671078809543,8.377354035058056,18954.893046577767
110.63676956635298,30,11.203852634951977,3.855773481881437,19256.26477037364
86.2373609859245,17,2.847199896498629,3.0902886730544243,11283.527486318835
36.47004949643847,16,53.20181164805945,7.609792963847443,3886.576278135591
43.00211699867249,28,40.18027984336371,3.3583329798831576,8186.9601348467695
134.0750713859083,28,57.10227247853036,8.876010289551072,21211.22581655911
179.8360034766074,30,16.394918956531605,2.459680189857642,35833.01442473791
143.17290993066985,26,37.08570214384125,9.195022078791336,24691.881642560646
186.19135639933478,18,5.135048413129178,2.918057728769536,34312.00711218367
135.03009100054956,23,1.255995948160575,7.601030449799905,22764.1028592251
155.38208640723911,9,47.00674371544035,3.35330186086534,21673.353844439276
176.81399144112072,20,18.26908156361553,5.100015792665855,31954.24956740773
39.26719217063015,15,9.202892474765562,5.352792757187875,6212.098883877051
52.67674205827903,12,39.719864104834464,4.506879639500122,4986.596624356273
120.52014826463447,20,20.87742952228359,9.714010113081267,19002.14536808016
59.01440861293984,4,59.72001089602348,4.11932540083586,2632.3369270297694
55.55893752797518,12,57.127420959539336,3.7775730363053452,3379.8570902188603
79.53432488165043,23,10.500668347687471,3.386526949039281,11863.718062036041
70.7110478543876,12,43.86258956449692,3.7896688623967827,6386.234631728355
53.764308755062416,21,27.086649949917746,8.435950187463305,8787.592111046606
189.38333263849668,6,3.2750699587052625,7.98506948152584,34416.05711542652
165.03125284640683,19,34.57067724301056,4.767527050705105,27344.189079409993
190.7080834837934,13,49.84887656499418,3.154207237889095,32189.482289651798
36.72423317407457,28,9.627583189758726,6.980279600188568,10014.90129421406
91.46741662973164,8,11.906967443894013,5.302277612741326,10801.85308783824
95.69464980417227,14,12.649063038375832,6.8142385109583055,12628.915569794995
102.14019061594027,20,42.37308017391587,1.897030860079407,12565.660488800033
67.30850379822427,22,32.46408935576948,3.2230234038343433,9079.341535910775
75.11112285885235,4,17.02234687152481,7.231970371583933,8465.594858519245
90.75136315483758,1,27.76996226738321,4.691030015321965,9513.29235000045
133.13842967428712,12,28.521772829259906,1.829843081701193,18006.99338373036
148.19132481844318,27,51.92369408444513,9.518856392775005,24977.599486974992
147.54235184234642,2,59.86519312739622,5.929926895740979,18181.483519810114
87.8241115143322,28,29.57761611856581,4.337947600959093,14038.22214856643
143.37049731325823,11,2.8554833374561897,3.706428788551702,21277.729792196693
79.5815535316648,15,22.94494263640297,2.0176956475510943,9282.122471505798
58.84832965939615,28,38.5797523151382,9.551730768443436,11082.036298138166
141.70849360945573,15,21.883477587249693,4.983564968608981,21263.564607302127
147.68165674064755,2,16.11133364298202,8.59127211323067,22350.332260100986
40.993303632760515,7,10.874959612802236,7.282854953216109,5541.617500667227
38.54237240208374,23,39.35780063222027,3.1772800325817085,6267.481892071157
201.38478307731225,26,42.87283770775429,2.8610481363237557,39699.33153139702
184.81411253252298,14,6.01307676373019,5.620345214801996,33470.05788168696
75.6185178713585,13,8.719899799140528,1.1308040705405453,8857.17012496423
88.0643148852713,2,58.49756745525979,7.982652788499692,7098.595272461937
69.57907358529083,18,18.003244410216507,9.874574395682147,10558.172353654541
134.99526578119605,10,39.352686464383204,7.025414368797663,18224.335342616923
174.00152455204443,6,27.011579499208544,7.070785272772088,28756.80449643655
156.45088654985705,9,10.350949226930757,5.481565624860166,24469.7721818253
109.135566334338,12,41.39053905674483,1.2770154785813337,12180.467957544482
132.8555173013449,15,26.05819937714486,6.433144668107068,19273.69830850573
156.40093603449884,18,45.33098802667702,2.4547410048170346,23613.381641334374
103.66237240981877,20,21.345073370613015,8.348141616617827,15380.765641266747
200.00229856549277,2,32.275512136747594,7.595507816644376,36536.69070262046
47.3239235834438,29,26.605188721218934,9.548489083302362,11229.737326024055
68.4619558459128,19,13.846267593263963,9.311067752994143,10609.607062397108
91.76621701183487,20,14.865105405941632,6.351039246667698,13144.741846359944
186.5836117553968,13,26.004679115761135,9.135607402823483,34068.78517155936
47.363862843922234,6,57.952945788701804,7.675098239212411,2675.3774725249973
97.60496927001859,28,16.634763705299044,7.801906508415962,16884.846642359138
182.0920127690695,9,57.949822325472994,4.265050361357638,28166.878373776555
50.15601172460404,20,57.74959396482486,5.857552861261357,4868.65155276773
62.155975340760264,2,17.317733281863514,8.37156474918452,7214.184457951529
133.57197836044404,18,36.13065750846941,4.101974265941552,19026.248013581415
124.32757033202023,23,33.180326361911796,2.18350855956644,18385.343697937828
98.96953781167058,17,34.906982858771926,2.217883322215303,11916.682061703299
125.9847899438466,17,25.449712858017865,3.7140892972415864,17759.96324633403
136.8246040563783,24,28.14234083244315,2.92895019755953,21809.31268079411
65.64532169429783,10,13.983854522527563,8.035045748614356,8210.63221121654
194.11665347475628,9,54.645208731152806,6.332894862548579,32735.45175262127
110.20921065859352,25,30.37939914814516,2.5922615107464058,16433.41648614934
105.51971501540454,16,15.152953596702822,1.0212512227396249,13778.46789604089
63.27958437696124,1,40.94298619445463,2.1659598715190707,4679.3410055915365
86.648815680415,12,18.982757212414352,4.134695101174296,10171.223807373872
109.78109952460166,19,13.918916794577944,3.3829328558207257,15454.359183499604
176.7443144662777,16,4.57895081745807,7.450785658625809,31809.715733468198
201.4066066617264,3,2.292845439616908,3.2348935228062574,37241.85814884278
164.27833887739186,16,43.45868033367986,5.453511586479964,25862.8742204635
167.9422767778869,22,20.905413475022822,7.117827165251318,30253.870047290016
108.47430426769925,3,5.53590825583409,5.716191045038457,13475.411219413243
134.66511735256682,23,16.95673717477016,1.7813805332435824,21431.842005883955
132.7839655583141,18,23.36738425294352,5.039701483282405,19761.614728491644
105.08118617264206,18,52.54732327151586,3.783930667062091,11759.30803417933
101.82579413930598,17,41.90913765107146,9.94823376017057,13515.359823550161
147.4280744611321,29,28.493539576583423,1.820810360245411,25975.2043636754
83.15306218213956,21,38.57861596364579,5.6141710674653575,10713.763980705457
84.8831583169418,9,8.757054998319273,2.4860923163269697,9595.089558203013
69.9973195732654,11,22.988392392668928,8.562009581129217,8658.419194059032
87.12728160477549,3,47.59771816540151,4.765215568540942,7467.131730592847
117.77516839892623,3,1.2081777061366843,9.4622476503876,16276.516005624246
115.06421632714347,19,30.035227442259597,8.244605574423423,16707.406681946122
47.81480261944689,3,53.76941266780957,5.401465027577675,2497.3983992233902
107.50396635376815,7,41.49409639089273,9.135947807061255,12679.28790508907
178.81561186451333,2,17.219516863462726,4.124358926699038,29814.395666046566
140.70728498815663,23,33.353619551661346,5.826157539456536,22473.50110990696
56.15911642757848,14,49.588699824067476,5.213373369722394,4856.844720901044
202.340127338536,1,42.73528425653219,7.590904181998191,36463.798449376736
145.57029579617608,9,6.067302454009426,8.970816632950468,22679.796174314964
158.16513722802569,20,24.610546032531737,4.481918481846212,26310.996998197177
180.40767947141197,4,46.60218677980798,7.261980162523022,29075.76317269384
157.49635372055536,30,15.073377594852447,8.47991282968436,30730.634582991326
94.2002294244006,8,57.3690440366599,1.0863380840137944,7472.8572584923295
186.605799879911,24,18.778942215817388,8.054968323228962,36733.550125158654
194.22326782336845,13,33.09597301117904,8.432387926716014,35851.6445210291
46.52818744436681,4,18.663911196350238,1.4207969136394007,4598.941897675079
128.30472328788363,25,1.5034880577115186,6.994924232315157,21739.895363274718
159.05723057416216,10,56.317526021693865,4.295099095685772,21885.937880657973
38.10270317207198,25,24.13536352812661,5.800894244323954,8283.628548730441
172.52962396357756,14,29.628575268391664,6.588432561849456,29094.313983357224
163.16656568636114,24,47.31549275033244,2.715442278337533,26899.619311038576
142.32065579100555,2,19.348445470616433,9.785049295409847,21306.426758601156
70.52095501123509,15,38.94903529088794,4.800250447294799,7469.9013216285175
51.36869186038689,2,56.603606798539516,8.40688836094127,3130.85382293698
78.06921568898431,19,26.623040904427505,1.7512692269089793,9782.12398411457
53.408441525047365,27,58.1105531405183,8.389878804878883,7879.611005931279
196.54714788024287,5,56.3422200007323,5.889192369042337,32888.585916030715
53.81208411421818,10,39.006814408134325,4.75976330204562,4927.977901638548
197.33832606058493,26,56.769111767204414,7.591023434415582,37736.35224458798
62.28888405081026,18,2.7900524658767285,5.734028909604531,8935.282645406574
142.39897007982395,5,21.106279869453328,8.58291441210223,20975.430242880993
75.85601457731931,4,8.06271022222142,6.5542164153860725,8586.387752713095
134.03504148377903,6,59.50845840848096,9.520961949234414,16233.090676421163
165.04900843826064,2,41.32308491037596,6.568272629498971,24857.074226568006
52.20546669618244,1,14.824212370201296,3.717328483238335,5296.224932657676
179.02076415827398,24,12.387136953664076,6.543368940400553,34226.077750598255
172.8908163870102,29,15.636139558398042,4.849351159123312,33703.86364444583
66.32234763861936,5,42.06382305041985,5.831028628093407,5621.355177883376
203.17110205772832,18,9.040463364915418,9.712273673961715,41312.2908092722
88.28518836210827,23,32.663816828937456,8.436125990486902,13166.407414396734
139.30892414415428,13,8.657288723965976,9.962336651169476,22018.141899086946
70.25807763061462,9,21.34782199345786,4.583058833796546,7575.147316593095
40.23061990361822,7,48.33911113670735,5.38171961897967,2767.542531485523
121.67701141341652,30,1.7299810177806658,7.6558102420946765,22315.44890914892
180.2473604338613,21,50.31299069791331,7.570441698284251,31488.890779457302
149.6410245844738,19,33.17928330416351,7.092433441373257,23893.00387889523
76.22830643710802,12,1.3700250450319928,4.171998941706288,9108.227289868772
65.61366906788069,5,3.9971856754593853,6.854681065766528,7593.426350256428
56.395876806583125,25,27.363909651778037,5.42553338308232,9486.45766863881
49.48041478312214,9,17.864897959526882,3.94275261491512,5510.532035721677
75.93871204976271,16,31.240401608883055,6.841326437104735,9318.007870481068
83.89217585384824,1,57.426449662455845,7.1071304139489415,6356.932299971699
43.21536055477181,9,6.039768055909587,1.1609700047291156,5067.722054490335
68.06791293394349,8,5.505986314409333,8.180818306837429,8453.632686903533
45.94951402258725,30,27.548311971127312,1.1821325776366223,9895.927567089038
100.62634094726273,19,38.14585357202338,1.6963360869449344,12402.190223701498
53.20855693993374,21,35.3481951255808,2.234644256130136,7059.240312192793
102.95294265427798,17,41.23425328063915,9.462732179428803,13596.755338971374
71.21335118611026,22,48.77949316320536,6.86481700925596,8784.851786986477
76.46355161488592,18,20.297010723950024,1.5733174695001473,9633.302780035809
186.29865237627786,7,3.5414425955483253,1.7381912738601413,32448.568853723144
133.4322037273591,22,45.45410316610126,5.7468702353667735,19507.24909668313
199.1564020697737,1,1.0342626376598782,8.166415668590105,37459.395865141574
108.45865885418712,14,27.40801235507728,5.337778070189404,13882.653105573001
46.68799156652862,16,6.247219996701227,5.95995217240992,7084.1777088525805
178.76085995034276,6,22.69417342075819,6.121284652544282,30153.825453728983
195.54747810397822,20,17.864434500923643,5.645843237304718,37924.131990035254
122.8554537694786,23,20.645072513928113,1.5395310545203635,18746.62089972137
41.24057311112509,19,30.776888587133005,6.225675218873169,6484.099315465412
78.97613267662416,5,33.523623644471115,8.733137642171245,8586.369513491418
46.19567351686915,23,6.106051651823923,2.4185392158971037,8309.175590931098
39.204868570911415,22,53.264361187147344,9.732477648384748,6192.986946375498
38.992835236643174,18,50.57627262052697,5.539340196364229,4291.594570385158
45.44554067041733,24,11.938570209790244,4.64991189933043,8712.564335549736
120.6377899431384,6,53.52182437854531,2.53285754449591,12576.938989652701
85.48494114646212,2,27.868746191017884,5.205687652814684,8834.54496133466
173.49966459008428,4,4.168813279415308,5.423463193853296,28853.724687833517
72.6669571839812,17,39.79837860423732,8.860994016230807,9074.733097275566
183.1993242726051,9,57.57829866636219,4.636417332237373,28617.098091862215
79.14984865862556,24,3.9206982697374775,2.1166164728658843,12080.11236665451
102.89140974173195,1,49.61377353281733,5.176766763038852,9802.459151360537
55.772859353336315,20,45.31503880136326,4.518529152174347,6457.6597391944615
39.661860747191824,15,3.1654907150399936,5.95792260269726,6404.753524863788
93.47499823833522,3,35.516095770052694,9.133063038873695,10555.939909125958
174.54561577080727,22,39.58317543239561,3.7617372796985453,30339.737941648043
69.14963184163656,16,38.08395799492034,9.227624657022481,8677.610970403179
171.19760450878687,6,50.39217901587159,1.5571286718615225,25210.303409443997
156.66629037900202,16,26.0062307630552,9.03917941668886,25999.923222696507
173.54799807962473,8,59.50557791831285,5.982011272800888,25626.029724353637
194.0417895045327,10,16.418477028806052,3.4173189525026273,35172.92784532868
116.94542520080886,21,48.604235231409604,2.4171169433385042,15018.121959740867
136.59255712257027,3,15.583343962848662,7.917023639297794,19550.07923522325
200.54142139517194,19,27.185587536006185,6.562172783963225,39070.95053388561
133.43662746520448,5,18.734374934590548,9.515560277514515,19317.941029501122
180.65922629493406,30,38.30608849095391,1.5675621579119983,34772.015966191706
108.45344387796175,26,28.125978215581263,3.5271102236102942,16648.430080771403
72.37776148745114,19,5.468595434173857,3.506541134582387,9965.48969305705
165.7198852720788,26,52.28904133802557,1.0113721426307094,27659.43110892646
117.50773888258114,17,56.9261253979997,4.363312828929198,13443.878181283799
118.07529117957397,8,7.24068923100239,8.621031607258894,16350.765857756121
130.08371378266884,26,4.015274128656673,9.730581525102258,23267.704459838977
202.02245046360304,17,37.52739248355263,8.364811572902282,38882.64782137861
179.25924783087154,16,32.60478346635509,3.8943047174928487,30783.25819170358
134.6311489993731,13,6.8253942466662645,4.878962076033645,19676.70441827793
170.43190234094962,27,12.049170132945564,8.724115388129945,33306.12422864104
62.137111544980336,18,33.53630356903667,7.3012463340509175,8123.676347591196
143.76627207289937,15,6.293617215215015,8.692270553206843,23072.150253846074
73.21157345716314,2,52.7248767572651,8.039458910660255,5780.654024851099
142.04137835190528,5,42.2379675396488,2.4772446286339287,18342.928205978696
159.50954476490529,16,24.59255279088654,1.4425423559930441,25402.637667605217
187.50994562397406,3,30.636663882457444,3.6028046960444327,31814.973527524104
131.85789456768174,23,56.67083065097663,6.447945937192638,18450.785235413918
66.935952333784,9,11.057327816943076,2.8242169097061676,7293.857394890016
38.973852469606804,7,32.34389960212303,3.245312707006852,3696.132914037307
142.2026757857996,10,34.340326463465416,1.9306912539477736,19453.030583321874
129.9836769709757,7,26.152274364430983,4.058780142662323,17054.234783292428
191.35737615474872,9,42.35659870384088,8.900161625646724,33752.00829995545
89.8448467309922,26,53.14558145204304,1.4754394256428693,11320.210318938063
90.69755432530769,4,13.967771705636997,9.20219275956452,11291.141010706886
108.49916988679864,20,9.54928098183814,3.0226553553818185,15560.943361136106
189.86480721237118,17,46.81194518603037,6.3520004811094735,33547.9175750406
108.83838454721793,14,2.5971360047584797,6.113514845766804,14889.553211411594
91.23075507570351,17,52.048976232411,1.6195512879722869,9089.950082028869
170.0400513846121,27,2.5484394493358287,9.635389454320517,33655.665976990575
102.97443800455858,14,22.535842555115202,4.392751996179519,12993.016947310869
118.39082873194704,1,2.8153346897910247,4.943582992623541,15203.503981081862
203.95221987186486,1,21.707986017241367,6.883269649761002,38235.04073893794
132.95505033822005,24,22.66180153208226,9.894411440023335,22771.856650754416
94.47973556205798,9,17.214573933520143,8.143947942932805,11861.95038698522
173.7406759110193,4,21.103733367140464,1.9351425068138286,28040.348207947627
159.403436139362,5,59.983703562929065,7.0157338867206676,21629.88419073272
70.48827833083412,3,59.29120379164488,4.307888014930459,3894.22040087258
189.51017526583945,12,21.43244620858119,9.0711926867574,35038.93842272788
37.86413448303194,3,16.356579093677205,6.298423657276416,4700.040485879385
93.5069971608313,10,44.410377593227466,9.948865431318282,10696.43986846637
98.81211266239819,1,14.149907693682147,9.171199793456072,12478.261259306333
141.42902782716976,21,32.482930592004415,8.914752183972537,22969.87921627509
39.99621137807677,7,29.722327718019894,6.473443060101937,4488.231401888674
100.32746211158381,7,10.409054830844413,2.280190658936375,11737.748348350256
100.28011027921885,23,52.16717905919399,8.12388944733718,13238.380756227392
188.8594173516106,29,32.9859576551148,7.7887774044169,38353.163509634076
91.85105043246232,21,35.80321975982349,9.681083181009491,13297.029503675778
108.36388079057446,10,45.625952968649216,2.1977617846294404,11419.049281275176
96.40499951758291,7,33.09681146899545,8.567310764065954,11280.34358262393
102.08672529505289,21,2.6977968201159226,3.71212415952878,14854.596726337066
106.13428284899219,11,25.316930728570206,5.009365883359536,13019.967564243541
119.03517754743861,18,25.629035495081546,6.401456430046954,17040.101518134456
65.24363907513384,1,18.880332049335504,7.353078391040657,7144.8842886681
177.26554715990358,8,41.71409060541696,6.350233420239515,28685.2422767485
152.69141012772525,11,9.400960430716703,4.328403812297527,23602.302680553432
181.8027515641742,9,30.735008209120426,6.01546265356075,30912.236385497738
62.64640735692187,9,54.81603083914644,4.856165434848865,4115.634650301847
70.35796346512478,8,57.18426031032473,9.5889085343586,5798.93239389413
131.14459343603284,16,2.0464557179808547,6.034512042739248,19719.37371685969
72.82462865083053,6,28.014783420119564,2.3694085750287304,6953.09660441641
153.62066413633505,12,29.69853992571727,2.7870494393197895,22947.61400030162
141.41582152318756,30,1.6469363328759739,7.561658913912236,26666.679764938348
113.89577462888145,1,31.016721795693325,2.2117826849735893,12970.637625008614
189.1527351978636,11,3.5328976661204914,5.7981123890810125,34366.77953055206
149.58035975454516,1,42.65708608635298,8.976035737244544,21309.31346318779
186.31692600938837,3,29.348026801830713,3.748635546208429,31529.399306165735
169.53600212297087,21,24.509311808806597,9.168421121510073,30854.126385343137
130.5632602936247,23,20.154286419254365,5.286809063375487,20809.96486330629
187.2495978599078,2,32.119840481010876,2.5339499572793134,31454.541679520946
145.47482141140748,15,50.734155008932014,9.49586644547292,21155.559338026414
202.76036316215317,23,44.05048901181833,3.3447004932316444,39114.5096242706
164.2512302117393,11,42.56277024959101,3.309061984944444,24744.53451427496
160.62703001860643,17,3.515697455936447,8.835680703386377,27920.998542996058
85.97802894800904,26,14.91509005352762,8.015300488787792,14511.79414506076
83.69051935827619,13,42.682364370057776,1.1241050455651513,8111.177963524789
134.14586111183053,25,33.38109522432905,1.7441491924451529,21082.425247798375
42.512721241034164,3,28.83480646203938,8.848827969375515,5084.366584220002
60.36416096401635,10,28.94097925699761,5.220509303500245,6313.341218264246
137.32046918338267,12,25.950159170338544,1.8584630371090896,19121.618236948878
47.75503248685522,1,45.46105369663671,1.9037735222385752,2829.6580148956346
75.47366450398033,15,40.49927278054684,8.785993160217942,8914.603597865895
63.270835925819,28,17.240293351505095,4.473239073333767,11557.071459839448
177.05647068100112,29,54.69096775202953,7.53342751413892,32681.993297164256
78.91517735232814,12,52.89553147894537,1.9349084837294757,6339.883253590762
203.3571441513527,29,3.6708244682636604,5.571080244099223,43684.41143014104
137.29085563509392,30,30.054826182781262,9.013463124230963,25181.668186320465
146.05175385174135,21,46.77375249443467,7.323890342160462,22423.859305618458
154.8123662145034,2,11.098829184869153,2.359202818456069,23100.018199304075
199.3799743462862,13,28.11910833268079,1.8954220358664253,36675.95121611002
88.70508927632866,24,59.21885577780848,3.6179755468515635,9946.762685994174
55.17439438372995,20,52.5851539475137,9.121193414578913,6772.64092425143
203.00593249240615,14,12.945117699814084,8.908002979410757,40052.43686764998
48.879444149461456,13,14.876788772798301,2.4484810873745184,5989.983870438378
132.94509086994287,21,2.1294922046382148,9.188368342951373,22187.127057178135
48.76179071792561,1,50.56707185939946,7.314403091885803,3288.183012067408
80.82113875557053,9,4.1696588751898975,6.926395390926619,9826.861320457196
150.60377510443868,22,54.326970775383856,8.771280141384914,23449.083844895402
85.42316395951802,28,3.8703180625082787,7.7687517732265166,15279.341589667763
145.51239884185512,20,23.26349389281657,3.237859824976237,22988.901129105667
189.72626270542372,24,7.858085266383026,9.966580729014415,38635.08136820685
59.413362046621344,23,56.10822044298972,8.984310401827235,7563.232248633337
197.6408288428035,27,41.85298968699801,1.599511135662138,38761.08919536837
188.09005436186627,27,2.787977136391737,9.565900899034727,39057.53566946218
169.4854184475676,10,22.14544315364647,9.029509840680257,28671.973860010068
143.78390301984905,25,25.774441864582993,5.450178636680748,24246.201652368996
69.28383633134041,16,32.128739612197734,7.3887297430342045,8609.54423373891
98.51613664112608,2,32.14070468393943,7.426386056885473,11075.290695392774
144.81896559187345,16,1.7028110518473538,8.439006313804306,23504.343623923414
103.41040647374696,4,6.122224869274429,4.523280054335339,12398.42319764543
91.04684425654474,14,29.14900780894805,4.678228946432563,10738.912604869152
132.30526002345138,13,56.849589512289896,4.885440226088568,15854.369996724754
85.46090124172565,11,51.434947787385475,1.7369182433068358,7238.473355260173
52.38488581430349,5,49.13236986338066,7.2070547054915615,3914.7253427277165
184.7500243941363,16,58.18928545504967,7.954805790561776,30902.466389405512
189.6624435562333,20,3.654205128873705,1.2030671929382624,35795.397220024926
138.0332382170283,9,40.73819998070083,2.24508025804586,17894.282785918647
98.02684874449514,24,4.612727388701872,3.468388449461475,15001.979877090764
122.82084447015826,18,58.28575589381261,2.750228367188903,14377.119099470137
79.36574730200638,19,37.03117907947542,7.154662652582799,10119.864860495365
97.43652542912264,4,8.59993872509764,8.667004754902678,12295.34038650879
102.18884567711059,8,14.472271549181603,3.440043991351552,12199.594059979288
96.98998499772624,30,30.42112200410468,5.8702528364745055,16435.63325495996
51.47241035313341,16,25.000511987689148,7.62410819688032,7266.200466461836
163.60398193068744,11,46.64192579234258,5.094774801878445,24436.314345963692
168.94784181891745,28,43.460831567180804,9.75212626998717,31782.307061336785
146.51136383541356,11,14.59738096555459,9.47933045053515,23127.14637167146
65.18354247786709,23,29.516039478619607,1.4291587757002833,9151.47249017869
154.39819746648843,17,47.87357994217954,9.282004376501312,24016.833578332134
67.67079652585092,10,15.28220180919031,9.95099591436091,9020.618407949334
149.0202299243054,20,2.6649952515041386,7.935105221082774,25336.493186950556
97.54760074590189,29,51.44025337466878,5.337507376037229,14239.278375857928
50.628435765189984,1,35.52637705142341,8.984545339904702,5291.3049838923025
159.45339715295714,23,39.211830038671756,7.440778509783057,27151.219861184647
171.30962664748807,20,13.453896154187985,7.549370821574749,31049.4971599691
181.96384633515774,2,16.461478455745567,4.97064019784735,30927.81493020658
116.99723342086267,13,15.982961051600489,4.080361228115501,15606.857271965371
197.32267825264853,14,40.83831670876457,1.6594067587420973,35255.541350557876
126.64942520203839,23,34.48538327003235,4.659094247239979,19060.321662484974
71.2248039398489,10,24.117907402216684,5.67624094492188,7901.6230171851785
40.7197182134303,10,54.820544957294494,5.518289388766125,2466.997468120748
68.41635255215796,6,11.708688007842484,1.2568157506953377,7029.497651298521
178.8738851315905,17,56.12754919937811,9.429774866399208,30013.111315358132
131.96411870581767,10,8.39849539225299,6.711073747430987,18985.098550530704
144.76316855062464,3,52.90153983631491,6.5628266320716975,18481.233413667993
63.277660671466606,21,14.564555909421022,3.0139442878902383,9170.120988594863
116.41240820040962,21,36.594099773724956,8.686754924930483,17173.693905366676
60.894297858050635,28,23.383106546702027,3.4230561985472523,10871.391409781692
40.52127411164052,11,35.71583432375465,2.1058030020378653,3953.5308432874035
150.72523540840552,9,19.173836254625034,5.859188507619398,22796.25662151441
46.30534089522185,12,39.09607915374476,6.263273232768134,4846.036157738868
37.4308689807164,13,41.94906033398689,9.789265590012205,5135.539913321705
116.29149377441524,10,39.99171372590723,3.303844926898451,13520.032441785987
125.928654318236,30,7.287133514245418,6.104244323957218,22780.115270069844
63.172412965915726,5,11.852925818053311,6.270216878823002,7039.488077025101
52.770041082449,18,29.878503576002576,9.994925746910493,8270.912373266854
165.61836905989333,21,40.87578328234458,8.529326581898678,28447.92030547643
158.85908696528716,2,49.333902792435815,6.242950758005878,22344.81682654536
125.40442201540898,10,51.41761117122549,2.3429238658883293,14179.898065437888
150.13863466407955,15,47.28844767790991,8.861901231133825,22430.373691216908
142.01013540846068,8,6.766296620370001,5.58370302027163,20838.46897472592
161.63501361470082,29,5.455007962243232,9.274609241785136,31897.14213377981
171.10193406136418,20,38.591953901825114,5.020277134112418,29052.689433934655
92.82866175266622,3,21.639335585251896,8.018687067812781,10967.272177589253
42.858242596153914,28,57.016621066687485,1.690460533053861,6354.667146754129
195.31002736401885,6,25.34246020642047,1.9065413209793896,34611.13581926858
112.36748130474318,10,44.78802591130515,6.814356732538014,12998.524557377088
79.49205929315741,25,45.744433999429276,5.380528485105504,10766.168056687864
42.90237484973632,28,47.58975744524357,1.0761284912552251,7341.843874793177
50.63729003847526,14,20.379702357328203,5.104559177878835,6475.424127650982
103.65597248326632,6,6.815429817904063,7.689846313105012,13250.274710822312
194.35710037090666,15,6.434574856830432,6.492483400084774,36850.994230889315
92.56565603471853,13,58.2991080605762,5.130108162339772,8249.497829697348
126.5171542406756,11,37.20442408062392,5.562099887659603,16333.719850775695
66.99985146106128,26,52.695141962543445,4.015395510240184,8593.584934772382
51.48819171731624,11,34.518218421764146,1.468786129842699,4823.439716356
202.70819327673905,10,54.08286876676278,4.727077226182658,35453.28447133695
112.81882860178335,9,22.77276994700918,1.563861127936764,13698.781967507759
86.2175356153869,24,7.441866150396117,8.482769200837144,14208.51966955045
183.78639610027415,18,4.856292253771656,2.5913913044116947,33539.46980762114
118.47273973228694,23,31.2480166305346,3.0307644395022693,17374.128953665135
87.29802020522799,19,31.969080220269994,9.659543639819764,12334.619192901178
107.85136539786447,2,19.227699564132493,7.776149551549108,13449.188544972803
197.63010224507337,4,22.795341944362278,7.903251948054439,36407.99681508549
130.15385496119006,15,9.209507942893945,9.739654148168382,20282.18997488423
193.77090647986498,9,25.96177216720671,5.0979837265320365,34760.459261356526
150.0328682169314,17,26.13459085325764,7.334396612899367,23971.429025852325
94.14879517194316,13,42.53285680467324,1.5669355838146017,9693.311523654535
69.04832235387207,22,51.614770642080074,2.325863178724805,7491.450622375831
49.53499174374001,2,16.73634950849398,8.703989718751973,6143.969869466917
134.7685573311079,27,41.12995629472062,6.64013745732712,22010.885558247923
138.50859027654184,10,20.701202367420148,4.873726379152203,19709.829620132354
39.37650583338493,20,42.41981480120973,2.5061031746175835,5167.118170895762
191.15229284086615,9,34.02791513059651,9.223751130852104,34451.10812695566
95.69083011151369,16,48.55833383438474,6.6530598730920945,10691.033489496825
116.65136328841322,11,44.623896040363995,7.4843020227446635,14122.342073393356
128.70689884848574,28,37.48958896127629,8.00732415243174,21691.713544609735
138.71879697821785,16,19.8360900694195,4.879810667908826,20838.679622053354
116.1275152191589,2,44.1534303224982,6.513226659301106,13072.676874435778
135.63766072716592,10,31.92910839781736,8.43184651942611,19271.639704563055
110.21453020307787,1,26.335831697290324,3.4950622013791435,12689.853305022612
65.90828134635612,2,21.050317347197698,4.320456906152577,6524.4219702815635
115.17272968027372,11,33.870891931070815,4.001487294329221,14011.932684568948
69.57208403863467,23,59.2692166704488,4.450026567515007,7221.246459479022
183.1952481418353,18,59.82055558772339,1.043221380768435,29581.45596194738
125.52343340913974,5,56.33126543808251,1.8941554729199725,13111.503513004893
166.17929894036772,27,54.828574944369684,6.308264073825206,28509.47384843166
139.13697641473343,28,43.25111437331119,4.142723643526201,22716.72871487417
107.38659854010446,5,19.38469886458604,1.48164382199927,12472.732393290129
125.89955773842594,13,7.093980461701024,5.801441765991871,17937.238493391742
127.82488509838689,27,18.52331896057758,9.678971249097263,22756.280195936994
195.92691775302433,25,37.410957978041495,5.135051304194065,38270.82362971256
96.5437500149813,9,8.090363559363393,6.713437683146507,12067.827469556678
102.21263566657889,24,8.902590848654725,2.927358673555873,15609.070579182304
102.35684477010942,23,51.686618083732476,7.116985951282068,13385.486983936311
143.31979577132313,28,37.5483872165803,9.746264630668044,25549.686356173497
162.2610915167718,25,30.304164414728678,6.896703386956645,29036.006443911596
100.71540828447895,30,26.010439326983064,1.454705790703677,16729.925998869545
172.961177835868,12,38.049246494259656,2.6811306144822202,27628.607422609562
193.6885379321902,27,54.867228149857254,5.810055588614798,36705.507473633006
38.29745187710762,23,1.1763676889457386,6.512348356510787,8442.155104565232
52.21601430683137,28,28.717222659124378,1.4175394328512287,9588.338665670615
62.707694857967326,12,39.14528216039532,9.514184389623974,7225.761372807461
171.66353587286875,21,27.07399727645349,5.258625298489327,30322.980151860673
83.65632325202033,2,54.88019330479829,4.699281209900018,6190.714668152748
191.7058835394757,27,21.158987069892056,7.7709307632190585,39159.68179721201
62.7493445215035,28,18.60764874824561,7.3412749199187655,12025.102840070993
174.52293018144854,4,36.075187484723855,3.2262945735785795,27481.496214532384
85.8197285112343,17,23.895286520628858,3.166735391620894,10657.090008127161
58.32665919982149,7,6.462100193119181,9.277686908096827,7622.9700476210355
57.579343503576425,12,26.710768993214884,8.561608006221087,7293.675072549977
58.39480054220371,17,41.9628498347828,5.341460531994694,6410.1953541379935
101.24275821779591,27,19.350744643892945,1.012880158924402,15986.578951927262
118.28625458934376,1,26.136776760943988,8.02971846189876,15166.96396067335
45.26727893621431,15,28.839566166683145,1.1454496435107575,5335.245128717819
40.111138533811655,6,55.56961075123775,3.0502173742478025,1525.536077850969
189.46852190398104,13,53.59567827668177,8.8541104025481,32616.35078000831
106.88826521439248,22,44.277533577374314,9.041270496500292,15141.111927248226
110.646461352962,1,42.267714545529564,2.439096692102796,11517.45731645295
191.32026111124924,7,56.268718936815766,2.0698618681835184,30820.06671278037
203.98701109801743,22,33.971151512509934,7.143118459858649,40775.237442817284
59.4660961398357,2,56.30208770897472,8.148605860711296,3872.6810788160096
109.57209473627876,18,12.296784717834777,5.595872729290321,15600.771995001602
122.31514293586723,24,2.5543398432077606,2.3391111529458364,19428.840497871843
109.82951414645098,10,49.49643172978534,9.282436115976342,12753.535727836332
158.64911123391988,7,9.24097265741463,7.795910863372432,25427.25931994859
63.16569650767774,1,22.113797980243934,4.582078222659249,6201.829558953416
86.45462189545361,27,5.17998716596114,3.065030727416855,14171.134638328365
182.79247846730718,12,36.53366703002568,7.923749865343068,31702.557152043933
202.2344892670722,2,17.50027871967376,5.46560346996461,37521.30749648301
175.00522625223283,15,31.29695468216874,8.00254037022859,30270.641756166013
99.86076246593215,28,50.68104364292404,2.1875177487610964,13908.182065515197
137.7848161289053,9,23.290273058913865,8.362548309672121,20141.887819238127
43.66249345859391,21,47.83887075819932,2.7636653918468843,5244.856717830743
132.7938394731706,4,5.749591706259101,6.369211151679495,18589.364252258903
143.80555044827258,13,18.677935807850645,4.798036064163833,21492.42236096915
104.2534211811613,29,12.261689931122005,5.751374877247821,18034.408742174273
190.4795484381095,9,28.54835670937194,7.004663096409011,33981.509420335206
47.31773178992717,28,52.08516665680867,3.566540122494912,7421.405568985119
131.70049242527278,11,14.049774948432457,7.795303086924323,19194.319875566336
71.49787810949181,7,21.47186459698647,4.455808191048224,7487.589774955874
188.64948953395816,17,55.68525751431249,4.819955094232929,31930.931277848515
169.49997247774465,12,49.73442499740114,4.18427203880756,25789.459597540703
149.87383319017147,6,40.274138912674026,9.179124643796335,21887.393167283855
173.8118389496907,11,45.7404000223677,7.6437430927309915,27979.506641182164
97.8776371372756,17,4.638965214045821,9.856437171109087,14595.513309945518
148.0260602660173,7,12.870766292013856,6.53773503131122,22282.07667413524
63.975450057578634,22,35.8319886265775,6.384992230635868,8992.401526114576
174.79976595698795,8,55.28012665285204,2.6680604119676525,25983.91457974147
140.5769637450204,11,29.166965617961992,6.12821318019994,20142.868551835414
117.01106955822758,11,21.423070540663605,6.218968441594199,15473.043742907339
180.02364048716447,1,45.9440487188112,7.339295374646751,28959.307603537356
70.47975419588104,12,57.0744451100192,3.219569095635367,4909.387462906182
73.88148468567788,29,36.328410486473345,2.1540551872701936,11790.054924281256
101.6007962169006,16,12.972617051205392,3.1286106174434205,13311.170633632033
69.08221647674442,30,31.599184666838067,2.870286673778779,12003.247196908882
92.69674861234219,2,3.9802871175376575,5.052551735793287,10670.672059660019
186.03789220502335,18,27.173259225967627,1.2064266591841495,33409.59511532004
65.69744382673349,30,46.03037742274143,8.477306073751485,11558.713532023343
75.51746900101968,24,42.43258521674372,2.061489334909488,9761.141121207955
183.16715876038762,30,10.529472549291473,7.344503168124644,37858.229391938534
69.94541744320202,15,31.2943499769198,2.422073000527784,7623.027085491075
202.501160981289,6,16.38538710837441,2.7529537673317526,37473.644409871464
98.95219018659554,20,30.43289051461734,5.5037030339792015,13391.513566856116
70.4654130287172,13,13.783567156357682,4.971516471980252,8510.91322090597
194.0093826827862,3,12.165407229772713,4.132521880728247,34750.06081649315
169.13128572288812,21,19.745320065008574,5.131073559121123,29944.154757728047
142.36319426121088,16,29.313856149971105,8.98992095044264,22182.94692309114
132.63224286267177,16,52.22667328587058,6.370686406306315,17305.773053960907
177.3502203882775,2,24.979671807429902,9.435987894540345,30318.454141038368
56.41885595933951,25,8.727697838506291,8.084200126965206,10820.954091428515
116.9424032641872,3,13.429679469982451,9.330585694058959,15887.328500935879
125.79707726086295,12,18.600428356247384,3.344656599936749,17044.37164015448
179.634470492193,19,38.92948062055391,4.156898950816604,31143.965786388544
197.29940538092262,22,57.79205577984765,7.396406819096947,36300.336714418125
110.99600730548833,2,26.47596571706201,5.748401855954936,13192.641256582227
88.57630388240312,28,4.882352645358564,9.748064950031633,16377.782558562712
184.096836424184,6,46.68779214928654,9.059849596196647,30845.314197394302
203.1475610242784,29,47.88563913498086,8.638318782523154,42034.60916993777
201.3194126747992,27,18.00085015837843,7.824244519026313,42496.134984075456
80.16703503186287,21,25.39812852822219,7.764350705124834,11664.649136932541
142.94214776809676,13,3.6798920984154204,6.642521534351282,21999.760355954597
77.20120300609875,27,13.878728138720804,2.3769779485518647,12639.3253088114
137.75376034131412,24,53.928690507917075,5.636039090132095,20221.079615456943
151.39540693593005,24,57.54641369905812,4.137545418765866,22845.063737943445
97.69898111972776,4,14.555563791296656,9.100103698495701,12344.153310137997
130.74348400490334,30,31.671912644244827,4.158710285633893,22474.182827635657
104.02561621699105,19,54.90927920620612,6.087062766264043,11965.898263811054
100.9620909795454,4,59.66464307700065,2.599756426646168,8061.8453015998575
110.16094624358256,26,29.90898362447364,1.4672635103392508,16708.166905988863
129.36745482086135,23,41.0272589429342,8.140033108027923,19921.885373662266
181.24135532371136,14,16.751456600328176,4.496560819821601,31874.113956617442
40.267053475090165,14,21.476797323933454,1.826366279207425,5220.917585739938
189.7367826045234,6,18.352887101320114,1.4352695240533446,33100.57692108835
189.36526082936254,8,16.32635695888186,5.591195509467055,33767.81681188947
158.33148171050556,17,8.552338022417278,6.8318854983799655,26668.122820929126
82.23271589473819,13,24.875387725306997,3.776770614523238,9381.598062861676
149.3093997650227,13,39.24922094416203,3.737624130436261,21455.52943823089
153.0832203757254,29,5.2814935104158955,6.792438709168816,28923.66612861496
72.59187674340538,9,59.463448677170994,1.3851882024503772,4330.9141357450935
48.258144298898,11,3.804274663004937,5.817379684706136,6342.033775262098
77.30322137959377,24,24.623449005678502,2.5912184903258453,11250.919896053902
148.52977510785456,20,17.764539488345935,5.218050813999513,24263.345354586323
132.06143629865036,29,2.8025267681042005,1.9641396427353124,23171.891168512364
75.1271084774178,12,24.840588897144368,6.679868166004531,8819.379831373277
169.4710760421796,6,21.238418049822112,6.390777217590511,27576.118175542688
62.98649606967888,24,24.34131262848278,9.444852462248353,11064.354941255215
89.55303504711108,25,46.17774353465073,6.099625557101584,12233.734485925903
198.44786689791994,21,14.252510090585318,3.60308543469091,38936.950968429745
83.67391119014226,7,19.871292451312954,5.782634466444408,9382.006252692752
55.68370613032697,22,19.99325384953797,1.1481546209140538,8387.851805153872
173.10937590736657,6,40.53069861607724,8.599356027125621,27970.382060297827
138.69723071448976,5,7.477363049446278,6.609235912546161,20002.335436496393
173.11544067816044,17,35.83885668455899,2.5203279213331573,28804.465476328227
150.64184814153452,13,24.556595415635577,5.755531669628457,23088.873956279887
154.0598554734192,9,5.601070615008647,2.0505421524744096,23486.91629169617
177.36406073167393,11,14.435226192113335,6.649235130131024,30724.21020490137
105.18033062664232,24,22.16337416072818,4.933391347155448,15978.880274150144
180.82278433284128,17,52.14342130288928,4.9325588894524275,29918.138395645798
41.4354282388124,22,11.355328811463334,9.438513219533808,9009.624909466125
135.18180821934766,4,46.42799822672999,3.849672025057913,16468.29701208314
141.82331434428033,15,11.530045926002238,4.809789192609414,21577.42341923251
67.65943746907678,1,8.163814326500216,6.607186760351975,7558.524572497493
128.3138115451091,15,19.10522851564602,1.470690543737619,17928.551224909916
161.6129654601716,26,12.825798003084476,8.267386628346799,30365.4829328639
110.6715089110615,29,33.04819867549097,8.585790173987764,18939.693695426227
199.16426877872553,25,45.5604642925422,9.143428034748005,39670.27115015234
111.0689381043399,12,36.24338644851634,5.287201755910798,13446.052080203961
55.298188446743964,6,21.64150116838912,9.061019422738882,6764.147716226867
203.36624970161202,29,11.340619425760373,7.986496893749819,44167.392671743815
165.02214272457113,24,40.534711370247905,6.811031008906559,28731.144495617333
50.76813682157394,19,52.71914305099412,1.7063360524157016,4674.415644051389
153.35946349745245,29,47.197270324719504,9.782572213926263,27592.6044127172
90.5759746571043,22,49.49515090971616,8.285752688319025,11739.30457635488
126.33923857176028,22,5.850478101715014,2.0600725809219225,19593.52252483897
169.64766605997366,16,58.34414983392242,6.9492007375474385,26131.03035758423
69.20254326123205,26,17.504817185699643,8.734416099950682,12494.330108534945
157.71906898834072,6,47.353079740736675,8.109237645697311,22932.406622129074
102.33048911316199,28,34.432520088261086,5.882204397758228,16268.005213485529
48.54903024015352,24,43.89248481206398,2.4669604741612394,6854.137147817095
69.88739455932307,23,23.21399724049503,2.6523449608960172,10116.80599618349
105.22119280272317,4,19.557035363301875,9.426009872289162,13580.294181654648
87.39533392024111,29,11.58397694102314,4.162142125326596,15049.684189080617
154.24769142904898,25,42.019028137431704,8.813004789796768,26572.531697240796
138.49081425179747,21,11.9413437144955,8.60158866741893,23100.63401382556
132.31083476156942,4,18.66318665085898,6.984177113365284,18292.680857126812
124.79160680804176,18,39.65359158158634,8.173014809884254,17733.168157227694
159.25226082064688,4,23.120937603369427,4.811970522894565,24232.651202197543
125.08567791621478,18,39.942432984404434,2.9034682470214674,16723.629523395084
45.61958188495185,5,39.8004714437732,4.662465819873533,3653.569206500242
199.14802523621566,19,11.135009532138195,2.4738952610151808,38632.31969154673
150.85229925980195,24,40.71943100210246,4.973996341288001,24552.577464748196
61.58505173259843,15,16.567166611994423,6.667239581218777,8168.908067149446
124.20414425568718,29,13.171708208771923,6.00597856425564,21894.05354939267
127.55812604725926,2,36.25316354436046,3.018253702228767,15470.902838182328
80.78045959059523,5,41.21635621337705,7.257370232076597,7802.650868146433
145.48098562856381,30,18.312533750220137,3.8249305177471897,26534.765554933092
198.72128167707976,16,10.326113687776711,1.3791496771640919,37688.782229579294
121.57032133301928,30,42.726508248362045,6.89523124839697,20195.93398716367
200.29016883332852,22,48.00723204645257,4.264907032628226,37710.029664719244
115.9978399247775,29,56.41826053163077,7.907007014672693,17571.804759610968
36.27644993826546,25,59.594389813181216,6.508373206370962,5259.726146633217
138.9861656767241,4,20.402897964307897,2.7775217542476054,18997.275765558337
88.598000598316,5,40.724232738296955,9.698060659372212,9684.466783267664
156.17578442599776,24,37.58750296844158,8.044248819607205,26902.8472226403
164.93146769871626,21,3.323462126899888,7.432803234784206,29642.041903805588
56.0626997091324,12,50.378442086151786,4.551307254892618,4313.703829954669
199.97584960726869,10,57.82643143224555,9.55884928986762,35312.947571247234
194.43007516769075,28,45.44825470385986,3.3555265759086366,37867.46453865668
161.1795304039529,5,57.49402676730618,8.869265627188476,22905.941966448012
179.84258003393347,26,6.6627535418791135,5.336994953838397,34982.31232592694
106.2009678946769,20,36.23940632431963,8.851141125648374,15104.949595268588
40.15197771707637,26,38.387534850246674,1.8244936815666364,7307.391625213595
158.07634338244833,21,45.357744878450184,9.351459414747435,26252.2717794215
125.43980264853758,30,16.0730836377873,1.4862569538308783,21848.477165753462
88.18894166003261,1,26.461577011891613,7.787393292199137,9899.49518240064
170.19096923651617,3,6.093438917496124,8.644775122074709,28630.65704347162
175.47106414576913,20,2.927102786406384,7.978086375852315,32532.70161458492
178.05001241262022,29,33.6275108243843,7.5478592774187465,34926.045657303046
57.67466111549055,2,5.133561786540343,2.8800976114120074,5937.616237455149
144.88887616843817,4,2.128443810246162,5.329090540553024,21199.141138930125
154.05138698209066,14,41.473701171742746,8.862245793706276,23777.856254048176
155.77004568057475,22,10.522493381624026,6.883265790023732,27241.03132020846
161.51511055723194,12,3.2330412853274453,1.5224871784289178,25846.212827898216
98.4148466208427,5,18.26713151951229,2.6328281137301373,11067.728198277451
193.48669393600903,19,16.433806374705085,3.3448455374123975,36668.0598363538
112.37594751161798,7,8.158803656017806,4.257575621191247,14179.783795000027
109.81709966230987,25,18.909179167102593,7.362887396137427,17781.457535227597
109.96499735320377,7,47.17317801737459,7.412280682256662,12116.676007336988
37.05158017552835,19,38.3397505511695,7.545629799653111,6035.386051974708
69.00982756755272,27,1.1590378948845999,3.5598019872940756,12017.803412686062
132.58813980303177,23,15.994720132801458,1.331993947564514,20958.54757656329
118.06254769081978,13,43.325112123647585,4.889271959055478,14265.1648175615
